DATE,FEDFUNDS,IRLTLT01EZM156N,IRLTLT01GBM156N,IRLTLT01USM156N,IRLTLT01JPM156N
1989-02-01,0.026315789473684292,0.02655446776464432,-0.02409638554216864,0.008800880088008833,0.019583333333333508
1989-03-01,0.052350427350427386,0.025431657735816904,0.016460905349794164,0.02071973827699014,0.051695954229669105
1989-04-01,-0.0010152284263958977,-0.005059721300597175,0.030364372469635414,-0.019230769230769162,0.014377307169224807
1989-05-01,-0.0030487804878047697,0.008930804501875667,-0.0009823182711198308,-0.034858387799564294,-0.009002106876077276
1989-06-01,-0.02854230377166167,-0.008056436369645814,0.03736479842674534,-0.06546275395033863,0.009856977193660521
1989-07-01,-0.030430220356768012,-0.0019055155825359327,-0.03791469194312802,-0.03140096618357491,-0.03540669856459322
1989-08-01,-0.027056277056277,-0.004997183216141288,-0.02364532019704435,0.01122194513715713,-0.03115079365079365
1989-09-01,0.0033370411568409697,0.016136304062909668,0.030272452068617728,0.009864364981504226,0.04362072496416136
1989-10-01,-0.019955654101995512,0.01827393359060614,0.023506366307541438,-0.0219780219780219,0.011773940345368938
1989-11-01,-0.03280542986425328,0.02895070172771952,0.009569377990430672,-0.017478152309612915,0.04169899146625311
1989-12-01,-0.011695906432748648,0.008183805715861414,0.0009478672985780978,-0.003811944091486663,0.027741575125674656
1990-01-01,-0.026035502958579704,0.020796499076905173,0.03125,0.04719387755102056,0.16829710144927534
1990-02-01,0.0012150668286754485,0.045003923369887566,0.04040404040404044,0.03166869671132755,0.051015661342843854
1990-03-01,0.004854368932038833,0.012307128794469158,0.09620476610767881,0.01416765053128688,0.01785187370905872
1990-04-01,-0.0024154589371979673,-0.016336647097667134,0.025764895330112836,0.023282887077997527,0.0010146398028698655
1990-05-01,-0.009685230024213065,-0.007209659472333874,-0.02590266875981162,-0.0034129692832763903,-0.05763104546770914
1990-06-01,0.01344743276283622,-0.008299447012291572,-0.04915390813859788,-0.031963470319634646,-0.013368162261831573
1990-07-01,-0.016887816646562026,-0.01298301000345603,0.003389830508474523,-0.001179245283018826,0.054664382494938435
1990-08-01,-0.0024539877300613355,0.03686845267949246,0.026182432432432456,0.03305785123966931,0.12522150029533363
1990-09-01,0.008610086100860892,0.016309357573766503,-0.004115226337448652,0.016000000000000014,0.05406824146981637
1990-10-01,-0.01097560975609757,-0.005082797514278536,-0.02975206611570247,-0.019122609673790758,-0.05378486055776899
1990-11-01,-0.036991368680641123,-0.008105424677317452,-0.03151618398637146,-0.037844036697247674,-0.06842105263157894
1990-12-01,-0.06402048655569781,-0.01131110544898628,-0.046613896218117845,-0.03694874851013119,-0.08841807909604527
1991-01-01,-0.05471956224350194,-0.0018407900670968091,-0.023062730627306238,0.0012376237623761277,-0.0034087387666562607
1991-02-01,-0.09551374819102754,-0.03721564975241831,-0.04343720491029268,-0.02966625463535233,-0.019123134328358216
1991-03-01,-0.02079999999999993,-0.006589217817704607,0.01579466929911133,0.03312101910828025,0.04469805040418451
1991-04-01,-0.03431372549019607,-0.024593878042901918,-0.0097181729834791,-0.008631319358816336,0.007434380215445291
1991-05-01,-0.021996615905245376,-0.013036946251013148,0.01864573110893053,0.003731343283582156,-0.0004518072289156905
1991-06-01,0.02076124567474058,0.006729758149316423,0.019267822736030782,0.026022304832713727,0.014765707397920824
1991-07-01,-0.013559322033898313,0.01709988361335779,-0.02835538752362954,-0.0012077294685990392,-0.00965107646622132
1991-08-01,-0.027491408934707917,-0.0022396964184417945,-0.024319066147859947,-0.044740024183796745,-0.0383808095952024
1991-09-01,-0.03710247349823326,-0.019565366556554276,-0.038883349950149415,-0.03164556962025311,-0.051917680074836214
1991-10-01,-0.044036697247706424,-0.013017266374061531,0.008298755186721962,-0.015686274509803977,-0.03223154086498936
1991-11-01,-0.07677543186180424,0.004700209686078649,0.005144032921810648,-0.014608233731739695,0.007136788445199604
1991-12-01,-0.079002079002079,-0.0026214169766995976,-0.011258955987717423,-0.04447439353099736,-0.035093639277880784
1992-01-01,-0.09029345372460484,-0.028395823013859345,-0.020703933747411973,-0.008462623413258097,-0.04721105088302158
1992-02-01,0.007444168734491052,-0.0067003766360779204,-0.016913319238900604,0.04409672830725464,0.023674068636447165
1992-03-01,-0.01970443349753681,0.003582277155127267,0.04086021505376336,0.027247956403269713,-0.008425959125134552
1992-04-01,-0.06281407035175879,0.004373147413685219,-0.025826446280991733,-0.007957559681697535,0.03236304465738571
1992-05-01,0.024128686327077764,-0.004509981191092249,-0.04347826086956519,-0.012032085561497374,0.005078809106830118
1992-06-01,-0.015706806282722474,0.025647984801194124,0.011086474501108556,-0.017591339648173165,-0.01725039205436496
1992-07-01,-0.13563829787234039,0.021139088484947166,-0.007675438596491113,-0.05785123966942152,-0.04113475177304948
1992-08-01,0.01538461538461533,0.00680746728329229,0.03314917127071815,-0.03654970760233922,-0.05473372781065089
1992-09-01,-0.024242424242424176,-0.007870196210426172,-0.01711229946524062,-0.025796661608497695,-0.01780125195618154
1992-10-01,-0.037267080745341685,0.02021572755665102,-0.05875952121871586,0.026479750778816147,-0.0011949810794662508
1992-11-01,-0.003225806451612967,-0.03356643356643374,-0.05317919075144517,0.04248861911987856,-0.029312063808574096
1992-12-01,-0.055016181229773475,0.005211864835598545,0.01587301587301604,-0.01455604075691419,-0.0041084634346755244
1993-01-01,0.03424657534246589,-0.023165673324742286,-0.0036057692307693845,-0.025110782865583436,-0.025783828382838325
1993-02-01,0.0033112582781456013,-0.030888309439640493,-0.04101326899879365,-0.051515151515151514,-0.06648316747829774
1993-03-01,0.013201320132013139,-0.027352972455599422,-0.028930817610062998,-0.04472843450479225,-0.020639600816511727
1993-04-01,-0.03583061889250816,0.001104332043123657,0.022020725388601115,-0.0016722408026756952,0.06368689207966649
1993-05-01,0.013513513513513598,-0.01240730021079317,0.03295310519645134,0.011725293132328396,0.07620291748312646
1993-06-01,0.01333333333333342,-0.029052342877365134,-0.02331288343558291,-0.013245033112582738,-0.02164677321464681
1993-07-01,0.006578947368421018,-0.043031573192400585,-0.042713567839196,-0.025167785234899376,-0.06596360628618692
1993-08-01,-0.009803921568627527,-0.057380561308291056,-0.07217847769028873,-0.022375215146299476,-0.02435244631392519
1993-09-01,0.01980198019801982,-0.03885248178592615,-0.015558698727015652,-0.05633802816901401,-0.08872248695257545
1993-10-01,-0.032362459546925404,-0.032908565423016234,-0.012931034482758563,-0.005597014925373234,-0.021165338645418363
1993-11-01,0.010033444816053505,0.002594579908985928,-0.0029112081513829047,0.07317073170731692,-0.042991605189519166
1993-12-01,-0.019867549668874163,-0.026461263311925887,-0.061999999999999944,0.00874125874125875,-0.09728867623604465
1994-01-01,0.03040540540540526,-0.06893240365746722,-0.007143635316638863,-0.0034662045060658286,0.05918727915194344
1994-02-01,0.06557377049180335,0.0284005979073243,0.059221870395334886,0.03826086956521735,0.12343619683069229
1994-03-01,0.027692307692307683,0.0683139534883721,0.09764399455395711,0.085427135678392,0.10195496164315765
1994-04-01,0.06586826347305386,0.014965986394557929,0.05704462720776582,0.07561728395061706,-0.08084437457893556
1994-05-01,0.1264044943820224,0.03887399463806962,0.05642785168556541,0.03012912482065988,-0.02663083312973369
1994-06-01,0.05985037406483795,0.07999999999999985,0.05167521883489279,-0.011142061281337101,0.07379518072289137
1994-07-01,0.0023529411764704466,0.002389486260454099,-0.020377705068595375,0.028169014084507005,0.05913978494623651
1994-08-01,0.04929577464788726,0.0345649582836709,0.013992734091175407,-0.008219178082191747,0.05451335246082545
1994-09-01,0.05816554809843422,0.05069124423963123,0.02814248069899672,0.03038674033149169,-0.028463792381749564
1994-10-01,0.006342494714587588,0.004385964912280826,-0.013062197191964775,0.03753351206434319,0.009047824213700872
1994-11-01,0.1113445378151261,-0.004366812227074357,-0.01635591193320951,0.028423772609819098,0.0072587532023911105
1994-12-01,0.030245746691871522,0.002192982456140413,-0.006333877560472989,-0.018844221105527637,-0.033276812208562934
1995-01-01,0.014678899082568808,0.02188183807439814,0.017887524180203673,-0.003841229193341733,0.009647007235255467
1995-02-01,0.07052441229656403,-0.016059957173447548,-0.009067075753586229,-0.0398457583547559,-0.019543973941368198
1995-03-01,0.01013513513513531,0.02611534276387384,-0.007151356909319784,-0.036144578313252906,-0.08903654485049817
1995-04-01,0.011705685618728978,-0.018027571580063628,-0.01815262165747411,-0.019444444444444486,-0.1380987114028691
1995-05-01,-0.006611570247933907,-0.05183585313174954,-0.030529284884685537,-0.06090651558073645,-0.04485190409026796
1995-06-01,-0.0016638935108153063,-0.003416856492027276,-0.008618371188968355,-0.06938159879336347,-0.10691080921441232
1995-07-01,-0.025000000000000022,-0.004571428571428449,0.01869366314413612,0.017828200972447306,-0.03009259259259267
1995-08-01,-0.018803418803418737,-0.027554535017221604,-0.017479089247455115,0.03343949044585992,0.09614728946471196
1995-09-01,0.010452961672473782,-0.012987012987013102,-0.020734516872204845,-0.044684129429892194,-0.05754276827371696
1995-10-01,-0.006896551724137945,0.014354066985646119,0.01863221196185494,-0.02580645161290329,-0.034653465346534684
1995-11-01,0.00694444444444442,-0.037735849056603765,-0.039707535168649,-0.018211920529801362,0.04205128205128217
1995-12-01,-0.034482758620689724,-0.04166666666666663,-0.036346331927152975,-0.03709949409780766,-0.021325459317585338
1996-01-01,-0.0071428571428571175,-0.04859335038363166,-0.006913487974801846,-0.010507880910682998,0.04592691920885006
1996-02-01,-0.0611510791366906,0.029569892473118253,0.04314052252445966,0.028318584070796238,0.048397435897435725
1996-03-01,0.01724137931034475,0.022193211488250597,0.03803241516143174,0.0791738382099827,0.008560073372057442
1996-04-01,-0.016949152542372836,-0.026819923371647514,0.0003971701625915536,0.038277511961722466,0.0006062443164596143
1996-05-01,0.003831417624521105,-0.01837270341207342,0.0033373861690775275,0.03533026113671278,0.02635564980308991
1996-06-01,0.005725190839694472,0.00401069518716568,-0.004092938136043722,0.02522255192878342,-0.04014167650531286
1996-07-01,0.024667931688804767,-0.015978695073235683,-0.017109510802086003,-0.005788712011577379,0.012915129151291671
1996-08-01,-0.03333333333333344,-0.010825439783491264,-0.011912281144993764,-0.033478893740902516,-0.025804493017607788
1996-09-01,0.015325670498084198,-0.024623803009575895,-0.000869353993275257,0.028614457831325435,-0.08756622000623249
1996-10-01,-0.011320754716981019,-0.06311360448807857,-0.03503474043838217,-0.04392386530014636,-0.04371584699453557
1996-11-01,0.013358778625954137,-0.03742514970059885,0.007147308819434484,-0.050535987748851485,-0.014642857142857069
1996-12-01,-0.0037664783427494575,-0.018662519440124425,-0.0031072256161785994,0.016129032258064502,-0.05871692642261683
1997-01-01,-0.007561436672967825,-0.012678288431061668,-0.002165988694595611,0.04444444444444451,0.013477088948787186
1997-02-01,-0.011428571428571344,-0.027287319422151013,-0.0475169419737399,-0.024316109422492405,-0.018617021276595702
1997-03-01,0.038535645472061564,0.04290429042904309,0.03588004780300702,0.0420560747663552,-0.02284165698799856
1997-04-01,0.02226345083487935,0.011075949367088445,0.024629748873148838,0.029895366218235964,-0.05625990491283672
1997-05-01,-0.001814882032667886,-0.032863849765258246,-0.061521340665095625,-0.0261248185776487,0.1486146095717884
1997-06-01,0.010909090909090757,-0.014563106796116498,-0.0036690336351334896,-0.032786885245901565,-0.01900584795321636
1997-07-01,-0.007194244604316502,-0.04269293924466333,-0.011775742809935874,-0.04160246533127898,-0.06669150521609546
1997-08-01,0.0036231884057971175,0.018867924528301883,0.004477379316207841,0.012861736334405238,-0.0602794411177644
1997-09-01,0.0,-0.047138047138047146,-0.037761132975046796,-0.014285714285714235,-0.061172472387425736
1997-10-01,-0.0072202166064981865,0.01590106007067127,-0.04554649935499,-0.02898550724637672,-0.09773755656108596
1997-11-01,0.0036363636363636598,-0.02782608695652178,0.01737087038658247,-0.024875621890547372,-0.026579739217652887
1997-12-01,-0.0036231884057970065,-0.023255813953488302,-0.03775664251207722,-0.011904761904761973,-0.0010303967027305294
1998-01-01,0.010909090909090757,-0.04395604395604402,-0.04331727827546705,-0.04647160068846812,0.004641567818463033
1998-02-01,-0.008992805755395628,-0.019157088122605304,-0.008478467644068455,0.005415162454873723,0.026694045174538106
1998-03-01,-0.003629764065335661,-0.02148437500000011,-0.008947916838954018,0.014362657091562037,-0.07250000000000001
1998-04-01,-0.007285974499089298,-0.001996007984031878,-0.02788718291054737,-0.0017699115044248481,0.006469002695417725
1998-05-01,0.007339449541284404,0.01200000000000001,0.006849903002626556,0.0017730496453902678,-0.113551151580075
1998-06-01,0.012750455373406133,-0.029644268774703497,-0.01543104624198599,-0.026548672566371723,-0.06948640483383683
1998-07-01,-0.003597122302158251,-0.018329938900203624,0.009975235093431234,-0.0072727272727273196,0.09285714285714297
1998-08-01,0.0018050541516245744,-0.047717842323651505,-0.04480529501534669,-0.02197802197802201,-0.10754604872251938
1998-09-01,-0.007207207207207245,-0.06971677559912859,-0.07532402254694293,-0.09925093632958804,-0.26564580559254325
1998-10-01,-0.07985480943738643,-0.004683840749414414,-0.02710153368278001,-0.058212058212058104,-0.20308250226654578
1998-11-01,-0.047337278106508895,-0.0023529411764705577,-0.01640260206728661,0.0662251655629138,0.111490329920364
1998-12-01,-0.03105590062111807,-0.06839622641509435,-0.0835226811653006,-0.037267080745341574,0.5230296827021494
1999-01-01,-0.010683760683760646,-0.032405063291139236,-0.0510680686220254,0.015053763440860068,0.28360215053763427
1999-02-01,0.02807775377969768,0.03982208267922549,0.033848091816739645,0.05932203389830515,0.1083769633507854
1999-03-01,0.010504201680672232,0.052035629812289264,0.05042983821837144,0.04600000000000004,-0.1421823334907888
1999-04-01,-0.014553014553014387,-0.03355656541497243,-0.013618593461356854,-0.00956022944550683,-0.13931718061674014
1999-05-01,0.0,0.040636523374662836,0.06855400696864122,0.06949806949806958,-0.14651311580294302
1999-06-01,0.00421940928270037,0.07652976289566915,0.05396592483899898,0.06498194945848379,0.22338830584707625
1999-07-01,0.04831932773109249,0.07279033291360171,0.03876943305746772,-0.01864406779661021,0.04350490196078449
1999-08-01,0.01603206412825653,0.042090523454552775,0.011001284413916235,0.02590673575129543,0.10275983558426294
1999-09-01,0.029585798816567976,0.03452159822945888,0.04781632051848583,-0.0033670033670034627,-0.0633652822151225
1999-10-01,-0.003831417624520994,0.04513590434168058,0.03324605949849757,0.03209459459459474,-0.038089823763502006
1999-11-01,0.04230769230769216,-0.052525769427589686,-0.09618884032584474,-0.013093289689034338,0.07387706855791953
1999-12-01,-0.022140221402214055,0.023185833879865836,0.014018251952206295,0.041459369817578695,-0.027517886626307164
2000-01-01,0.028301886792452935,0.07429681019530943,0.08047875301540164,0.060509554140127264,-0.043010752688172005
2000-02-01,0.05137614678899083,-0.006124418706677237,-0.032287426795129526,-0.021021021021021102,0.06209343583678306
2000-03-01,0.02094240837696315,-0.03054594251006426,-0.046852538733206606,-0.039877300613496924,0.012806236080178168
2000-04-01,0.029059829059828957,-0.013987542345098802,-0.009198056119314124,-0.04313099041533541,-0.04343045629466735
2000-05-01,0.04152823920265791,0.01878532638811925,0.01540976828970364,0.07512520868113515,-0.02011494252873558
2000-06-01,0.04146730462519943,-0.030840358988305838,-0.03582995576777159,-0.052795031055900776,-0.02404692082111448
2000-07-01,0.0015313935681469104,0.02026041082051866,0.00558573430331899,-0.008196721311475419,0.015024038461538547
2000-08-01,-0.006116207951070374,-0.01017657736949229,0.01763762693746651,-0.036363636363636376,0.03611604499703969
2000-09-01,0.003076923076922977,0.012782038457263445,0.01052295918367352,-0.005145797598627877,0.07199999999999984
2000-10-01,-0.0015337423312883347,-0.00931006731050632,-0.03144432275908149,-0.010344827586206806,-0.03251599147121531
2000-11-01,0.0,-0.014881007329726859,-0.022921098526227035,-0.0034843205574913716,-0.028099173553718937
2000-12-01,-0.016897081413210335,-0.050171486402908805,-0.036580821057999646,-0.08391608391608385,-0.0793650793650793
2001-01-01,-0.06562499999999993,-0.011799526440410268,-0.013172360438128639,-0.01526717557251911,-0.07142857142857151
2001-02-01,-0.08193979933110374,0.0025757757278062066,-0.004600689071816211,-0.011627906976744318,-0.06167108753315653
2001-03-01,-0.03278688524590179,-0.01653024237716816,-0.025244569723097188,-0.04117647058823526,-0.17385159010600704
2001-04-01,-0.096045197740113,0.03306939916162088,0.0518392515415691,0.05112474437627812,0.12489307100085534
2001-05-01,-0.12291666666666667,0.03157956639353898,0.034062424193418206,0.048638132295719894,-0.049429657794676785
2001-06-01,-0.05700712589073631,-0.010299287410926339,0.015600258049381255,-0.020408163265306034,-0.07840000000000003
2001-07-01,-0.05037783375314864,0.008006451241287849,0.0016554060557063544,-0.007575757575757569,0.1328125
2001-08-01,-0.03183023872679047,-0.03653333333333331,-0.0419509195380211,-0.05152671755725202,0.029118773946360088
2001-09-01,-0.1589041095890411,-0.004112134751492746,0.0004412885626026153,-0.04828973843058337,0.0022338049143708627
2001-10-01,-0.18892508143322462,-0.04377258109342108,-0.03254070093832695,-0.03382663847780132,0.012630014858840966
2001-11-01,-0.1606425702811246,-0.031181880462538336,-0.04107516631090291,0.017505470459518557,-0.02567865003668368
2001-12-01,-0.1291866028708133,0.0625924100542139,0.05742257569535991,0.09462365591397837,0.004518072289156683
2002-01-01,-0.0494505494505495,0.01292651447930937,0.004966481360366037,-0.00982318271119842,0.0644677661169415
2002-02-01,0.005780346820809301,0.008600609209818977,0.0016269752496389511,-0.025793650793650813,0.057042253521126796
2002-03-01,-0.005747126436781658,0.04942658060440963,0.05991756512558144,0.07535641547861505,-0.05329780146568941
2002-04-01,0.011560693641618602,-0.0036302078435059837,0.0024711696869852418,-0.013257575757575801,-0.01900070372976781
2002-05-01,0.0,0.0011137959676810194,0.0068410693470408734,-0.009596928982725461,-0.020803443328550886
2002-06-01,0.0,-0.02606022892270543,-0.03224581981058672,-0.04457364341085279,-0.02710622710622701
2002-07-01,-0.011428571428571455,-0.026622006234389817,-0.018886056089429393,-0.05679513184584162,-0.02409638554216864
2002-08-01,0.005780346820809301,-0.0589370251024387,-0.05131229136266402,-0.08387096774193559,-0.03163580246913589
2002-09-01,0.005747126436781658,-0.04392213227367836,-0.05170670037926672,-0.09154929577464777,-0.10039840637450193
2002-10-01,0.0,0.022151968695421465,0.02564102564102555,0.018087855297157507,-0.030115146147032812
2002-11-01,-0.2342857142857142,-0.006726505893803525,0.004722703639514991,0.027918781725888353,-0.1059360730593607
2002-12-01,-0.0746268656716419,-0.040479923351624314,-0.015826469446720504,-0.004938271604938205,-0.0040858018386108474
2003-01-01,0.0,-0.03090888460229224,-0.038230654631496,0.004962779156327368,-0.14256410256410257
2003-02-01,0.016129032258064502,-0.04905978502681296,-0.04027426592860883,-0.03703703703703698,-0.009569377990430672
2003-03-01,-0.007936507936507908,0.016351457840819483,0.026393866748949835,-0.023076923076922995,-0.12560386473429952
2003-04-01,0.008000000000000007,0.024641403372746673,0.03283768471197668,0.03937007874015741,-0.08425414364640882
2003-05-01,0.0,-0.07335240842772361,-0.05521348767436152,-0.09848484848484851,-0.12971342383107098
2003-06-01,-0.031746031746031744,-0.04986347513205902,-0.025357252885276016,-0.0672268907563025,-0.08318890814558044
2003-07-01,-0.17213114754098358,0.09112883732173072,0.07175334938118505,0.19519519519519513,0.8071833648393194
2003-08-01,0.01980198019801982,0.03497760055137111,0.04451200145197154,0.11809045226130666,0.4707112970711296
2003-09-01,-0.01941747572815533,0.006468951411515711,0.023718505647263077,-0.040449438202247334,0.009957325746799528
2003-10-01,0.0,0.01800609655237584,0.04113977764576093,0.004683840749414525,0.011971830985915588
2003-11-01,-0.00990099009900991,0.03010607924607145,0.03217786472662065,0.002331002331002363,-0.07237299930410579
2003-12-01,-0.020000000000000018,-0.018432556672225098,-0.03336623889437329,-0.006976744186046546,-0.0022505626406600365
2004-01-01,0.020408163265306145,-0.022796143250688572,-0.02216094771241839,-0.02810304449648693,0.0
2004-02-01,0.010000000000000009,-0.017243404515234872,0.0037806788511749456,-0.01686746987951815,-0.08947368421052626
2004-03-01,-0.00990099009900991,-0.039179595056534344,-0.020143166305976345,-0.06127450980392157,0.17093311312964476
2004-04-01,0.0,0.055480917549882935,0.05270981991165469,0.13577023498694496,0.07193229901269405
2004-05-01,0.0,0.03389590797661701,0.031228565664716434,0.08505747126436791,-0.009868421052631637
2004-06-01,0.030000000000000027,0.012858510783821941,0.017254196173559277,0.0021186440677967155,0.20066445182724246
2004-07-01,0.2233009708737863,-0.023184621617971413,-0.017634615384615415,-0.04862579281183943,0.0005534034311014402
2004-08-01,0.13492063492063489,-0.03956585860447959,-0.01981089599279595,-0.04888888888888887,-0.12168141592920356
2004-09-01,0.12587412587412605,-0.012932172077065318,-0.019212717940524593,-0.035046728971962704,-0.12279596977329976
2004-10-01,0.09316770186335388,-0.0327175498298492,-0.029037447311083486,-0.007263922518159882,0.06460875807609479
2004-11-01,0.09659090909090895,-0.027818264059908504,-0.01635803116414658,0.021951219512195363,-0.020903573836817402
2004-12-01,0.11917098445595875,-0.04637216636079311,-0.03383578875551663,0.009546539379474916,-0.037878787878787845
2005-01-01,0.05555555555555536,-0.015097715013688173,0.0022729278841910894,-0.0023640661938535423,-0.06227630637079451
2005-02-01,0.09649122807017552,-0.005036327608982871,0.010238006120786514,-0.011848341232227444,0.083206106870229
2005-03-01,0.052000000000000046,0.040715846541089284,0.04524452968354997,0.07913669064748197,-0.0662438336856942
2005-04-01,0.06083650190114076,-0.050923588039867185,-0.03632193494578817,-0.03555555555555556,-0.051320754716981165
2005-05-01,0.07526881720430101,-0.04578677644291351,-0.04424683023930076,-0.04608294930875578,-0.01511535401750197
2005-06-01,0.01333333333333342,-0.04499031519633734,-0.0300183369931859,-0.033816425120772875,-0.07673667205169621
2005-07-01,0.07236842105263142,0.019022156663900835,0.003827572525497702,0.04499999999999993,0.13298337707786523
2005-08-01,0.07361963190184051,-0.00015078407720137132,0.005533468182558066,0.019138755980861344,0.05405405405405417
2005-09-01,0.03428571428571425,-0.04825818126979342,-0.0263589909593287,-0.014084507042253391,0.06227106227106227
2005-10-01,0.044198895027624197,0.05320868325146577,0.0326058562302598,0.06190476190476191,0.0434482758620689
2005-11-01,0.058201058201058364,0.06135283143768433,-0.008118301826043006,0.017937219730941756,-0.03899537343027093
2005-12-01,0.040000000000000036,-0.03353840047628498,-0.021864638642212775,-0.01541850220264318,0.023383768913342484
2006-01-01,0.03125,-0.004781460838955587,-0.033992319726923736,-0.01118568232662187,0.03965053763440851
2006-02-01,0.046620046620046596,0.046659003153830314,0.01941009030231644,0.03393665158371051,0.03296703296703307
2006-03-01,0.022271714922048824,0.05074626865671639,0.03933273957104699,0.03282275711159732,0.10075093867334162
2006-04-01,0.04357298474945548,0.07515008576329318,0.04632095791740953,0.057203389830508655,0.11199545196134175
2006-05-01,0.03131524008350728,0.012139794595672493,0.02901919118135332,0.024048096192384794,-0.05470347648261753
2006-06-01,0.010121457489878471,0.0036450508583110164,0.0033772156255378327,0.0,0.028123309897241766
2006-07-01,0.05010020040080154,0.005202326323280548,-0.0018222746275057267,-0.00391389432485334,0.01367701209889538
2006-08-01,0.00190839694656475,-0.031272123623758086,-0.0005369415807559008,-0.04125736738703334,-0.1344058121432279
2006-09-01,0.0,-0.03235724005846485,-0.021768561297947797,-0.032786885245901676,-0.023980815347721895
2006-10-01,0.0,0.01080785457575928,0.01390536443917223,0.0021186440677967155,0.055282555282555323
2006-11-01,0.0,-0.019890242959832993,-0.015231285884519496,-0.02748414376321373,-0.016298020954598424
2006-12-01,-0.0019047619047618536,0.02589311532294114,0.016346915427263964,-0.008695652173913104,-0.026627218934911157
2007-01-01,0.00190839694656475,0.05129913391072627,0.05409676371901706,0.043859649122807154,0.03647416413373872
2007-02-01,0.0019047619047618536,0.003582918982158345,0.005462685341109719,-0.008403361344537785,-0.0381231671554253
2007-03-01,0.0,-0.02302367941712191,-0.015645424836601363,-0.03389830508474578,-0.006707317073170627
2007-04-01,-0.0019011406844106071,0.0554851219330299,0.046582562144665385,0.028508771929824706,0.014732965009208066
2007-05-01,0.0,0.029958312725217207,0.02020262098772796,0.012793176972281328,0.048396854204476814
2007-06-01,0.0,0.06578857103656444,0.05563760736911649,0.0736842105263158,0.09809578765147142
2007-07-01,0.0019047619047618536,-0.006951596292481987,-0.0043629535538741715,-0.019607843137254832,-0.04939569101418817
2007-08-01,-0.04562737642585557,-0.0436651974764497,-0.04779602100436364,-0.06600000000000006,-0.1282476506357103
2007-09-01,-0.015936254980079556,-0.012854980457718823,-0.030505446707703054,-0.032119914346895206,0.07672796448953711
2007-10-01,-0.036437246963562875,0.007049022749118894,-0.007050152219195582,0.0022123893805310324,-0.04829210836277964
2007-11-01,-0.05672268907563016,-0.03379391845825186,-0.046655639825722184,-0.08388520971302427,-0.07363861386138615
2007-12-01,-0.055679287305122505,0.030648006585910936,-0.006897573154476144,-0.012048192771084487,0.019372077488309936
2008-01-01,-0.07075471698113212,-0.034255328860285705,-0.042865969277968374,-0.08780487804878034,-0.06356487549148093
2008-02-01,-0.24365482233502533,-0.021811565092043295,0.02913745130773515,0.0,0.0
2008-03-01,-0.12416107382550334,-0.016644924385176618,-0.0385863217545529,-0.06149732620320869,-0.1287613715885234
2008-04-01,-0.12643678160919547,0.05213118781476478,0.0445894263217097,0.04843304843304863,0.285140562248996
2008-05-01,-0.13157894736842102,0.03282975692904011,0.048479496898690355,0.05434782608695654,0.11124999999999985
2008-06-01,0.010101010101010166,0.08726516401781481,0.07025039541523737,0.05670103092783507,-0.09955005624296964
2008-07-01,0.004999999999999893,0.0010812384338676484,-0.030881139281807135,-0.02195121951219514,-0.03997501561524053
2008-08-01,-0.004975124378109319,-0.06615432547512712,-0.06390858319800374,-0.029925187032418865,-0.06896551724137923
2008-09-01,-0.09499999999999997,0.0018460854092525736,-0.033130937017369466,-0.05141388174807204,0.034940600978336844
2008-10-01,-0.4640883977900553,-0.019647892014297397,0.0019255596157632393,0.03252032520325199,0.0033760972316001503
2008-11-01,-0.5979381443298969,-0.04968522125096253,-0.07027888794251891,-0.07349081364829402,-0.07335127860026913
2008-12-01,-0.5897435897435898,-0.07346773424840325,-0.14876324258297902,-0.31444759206798867,-0.11837327523602037
2009-01-01,-0.0625,0.055451248681875454,0.01272145261879798,0.04132231404958686,0.047775947281713416
2009-02-01,0.4666666666666668,0.022540634061944065,0.005449739774925799,0.13888888888888884,0.003930817610062753
2009-03-01,-0.18181818181818188,-0.012916448215051668,-0.11929862597902396,-0.017421602787456525,0.03602192638997659
2009-04-01,-0.16666666666666663,-0.013061323032351524,0.04846601224728442,0.03900709219858167,0.05971277399848818
2009-05-01,0.19999999999999996,0.011277183884145892,0.062632073256633,0.12286689419795227,0.0563480741797433
2009-06-01,0.16666666666666674,0.04588776003870332,0.028034027509252546,0.1306990881458967,-0.07967589466576641
2009-07-01,-0.23809523809523803,-0.05430534033351064,0.027323285242201845,-0.043010752688172116,0.01687454145267786
2009-08-01,0.0,-0.04864388955464782,-0.028662586955384706,0.008426966292134797,-0.051948051948051854
2009-09-01,-0.0625,-0.005938303341902373,-0.015508050185773503,-0.05292479108635095,-0.0426179604261796
2009-10-01,-0.19999999999999996,-0.016369701828337968,-0.023710550784882156,-0.002941176470588225,0.11605723370429244
2009-11-01,0.0,0.008728572930907674,0.0530266954256422,0.002949852507374562,-0.10754985754985757
2009-12-01,0.0,0.009122185154295082,0.03402319642477125,0.055882352941176494,0.015163607342378427
2010-01-01,-0.08333333333333326,0.05924892814711513,0.02968794216768278,0.03899721448467974,0.028301886792452935
2010-02-01,0.18181818181818188,0.001365454013459333,0.014965646470955551,-0.01072386058981234,-0.00993883792048944
2010-03-01,0.23076923076923084,-0.029609428265316096,0.007163253249310664,0.01084010840108407,0.05096525096525095
2010-04-01,0.25,0.04218106995884763,0.0022485640962972564,0.03217158176943702,-0.05510653930933129
2010-05-01,0.0,-0.11345195386800844,-0.07888897017582353,-0.11168831168831173,-0.0225505443234838
2010-06-01,-0.10000000000000009,0.0019825642975475066,-0.046727734830032897,-0.0643274853801169,-0.1408114558472553
2010-07-01,0.0,-0.020545346126741526,-0.025550587385785972,-0.05937500000000007,-0.004629629629629761
2010-08-01,0.05555555555555558,-0.048870932034536185,-0.0785761108102716,-0.10299003322259126,-0.04837209302325585
2010-09-01,0.0,0.016380564445737544,-0.03275595422208477,-0.0185185185185186,-0.12218963831867047
2010-10-01,0.0,-0.04657487189763265,-0.018739407118416485,-0.04150943396226414,0.0055679287305121505
2010-11-01,0.0,0.11718609259592871,0.07902884145347899,0.0866141732283463,0.2857142857142858
2010-12-01,-0.052631578947368474,0.0937138864253273,0.09024463908184832,0.19202898550724656,-0.024117140396210157
2011-01-01,-0.05555555555555547,-0.03206703361509744,0.032550279793894354,0.03039513677811545,0.07060900264783765
2011-02-01,-0.05882352941176472,0.13698560584905195,0.04094116384514268,0.05604719764011801,0.02308326463314092
2011-03-01,-0.12499999999999989,0.002679348918212865,-0.03641846439341223,-0.04748603351955305,-0.02175664786462539
2011-04-01,-0.2857142857142857,0.0378337452958335,0.006232279462900614,0.014662756598240456,0.0008237232289951546
2011-05-01,-0.10000000000000009,-0.06254559498776968,-0.06821021292432006,-0.08381502890173409,-0.07983539094650205
2011-06-01,0.0,0.0021056968254331565,-0.02593215987219355,-0.05362776025236593,-0.030411449016100156
2011-07-01,-0.2222222222222221,0.05141264874494644,-0.029492736644798567,0.0,-0.008302583025830312
2011-08-01,0.4285714285714286,-0.08587131250814606,-0.1600627697136131,-0.2333333333333334,-0.04837209302325585
2011-09-01,-0.20000000000000007,-0.040422043202395286,-0.10034850716775057,-0.13913043478260867,-0.04692082111436946
2011-10-01,-0.12499999999999989,0.010054482417038102,0.009984025559105492,0.08585858585858586,0.06461538461538474
2011-11-01,0.1428571428571428,0.07740401118030715,-0.09383155397390264,-0.06511627906976747,0.023121387283236983
2011-12-01,-0.12499999999999989,-0.0685205834831486,-0.04751930881005373,-0.01492537313432829,-0.0856873822975519
2012-01-01,0.1428571428571428,-0.0457343887423044,-0.033168407549935885,-0.005050505050505083,-0.012358393408856805
2012-02-01,0.25,-0.04093701996927801,0.051506823351023634,0.0,0.0031282586027112647
2012-03-01,0.30000000000000004,-0.12386214996930156,0.0468207832003964,0.10152284263959399,0.004158004158004269
2012-04-01,0.0769230769230771,0.030102678163371088,-0.0479121825226001,-0.055299539170507006,-0.053830227743271175
2012-05-01,0.1428571428571428,0.043213345558874794,-0.12212325360582355,-0.12195121951219501,-0.07439824945295415
2012-06-01,0.0,-0.03442018712787065,-0.08848372476308197,-0.09999999999999998,-0.06737588652482263
2012-07-01,0.0,-0.046247357293868974,-0.06639168267600859,-0.05555555555555558,-0.011406844106463865
2012-08-01,-0.1875,-0.07348911671438696,0.012830599770017548,0.09803921568627438,0.025641025641025772
2012-09-01,0.0769230769230771,-0.19658403668505342,0.029100687182551432,0.023809523809523725,-0.053750000000000075
2012-10-01,0.1428571428571428,-0.04644718338985865,0.028974567413773133,0.01744186046511631,0.003963011889035695
2012-11-01,0.0,-0.02550422901756655,0.0011286044805598472,-0.05714285714285716,-0.06184210526315792
2012-12-01,0.0,-0.06574086437886673,0.04092215771377039,0.042424242424242475,0.09537166900420768
2013-01-01,-0.12499999999999989,0.1400666984278225,0.12606270644934203,0.11046511627906974,-0.007682458386683799
2013-02-01,0.0714285714285714,0.19440033430839954,0.04741524404905029,0.03664921465968596,-0.13677419354838705
2013-03-01,-0.06666666666666654,0.05926807081379892,-0.09241999908176868,-0.010101010101010055,-0.26457399103139023
2013-04-01,0.0714285714285714,-0.05697582243361077,-0.09834075273168752,-0.10204081632653061,0.19715447154471533
2013-05-01,-0.2666666666666666,-0.059402472768029124,0.09189856373429084,0.09659090909090895,0.4923599320882852
2013-06-01,-0.18181818181818188,0.14351145038167923,0.1850272325557496,0.1917098445595855,-0.06484641638225264
2013-07-01,0.0,0.009834250545442735,0.07141308589515694,0.1217391304347828,-0.038929440389294356
2013-08-01,-0.11111111111111105,-0.0014188513753186083,0.09623634156212058,0.0620155038759691,-0.10379746835443049
2013-09-01,0.0,0.10020344237414025,0.05002215002953325,0.025547445255474477,-0.05508474576271172
2013-10-01,0.125,-0.07173466392720873,-0.05832718067714382,-0.06761565836298933,-0.11808669656203297
2013-11-01,-0.11111111111111105,0.002719281603743795,0.03039127837514921,0.03816793893129766,0.025423728813559254
2013-12-01,0.125,0.04477800201816362,0.06739618812957482,0.06617647058823528,0.13719008264462795
2014-01-01,-0.2222222222222221,-0.03042375950742482,-0.01215289564804134,-0.01379310344827589,-0.10755813953488369
2014-02-01,0.0,-0.038507035238451115,-0.03274914089347081,-0.05244755244755239,-0.0456026058631922
2014-03-01,0.1428571428571428,-0.0654644348755139,-0.011013607133975256,0.0036900369003691758,0.03242320819112621
2014-04-01,0.125,-0.09568681794560885,-0.015087832740597107,-0.003676470588235392,0.008264462809917328
2014-05-01,0.0,-0.021185304371145075,-0.01561075245285759,-0.05535055350553497,-0.07213114754098371
2014-06-01,0.11111111111111116,-0.10931506849315076,0.0316054688947347,0.015625,-0.053003533568904415
2014-07-01,-0.10000000000000009,-0.05158852221294541,-0.01792256303426465,-0.023076923076923106,-0.016791044776119368
2014-08-01,0.0,-0.0780707037946532,-0.07299857367516371,-0.047244094488189003,-0.07400379506641375
2014-09-01,0.0,-0.07101216202633431,-0.016885627490432875,0.045454545454545414,0.018442622950819665
2014-10-01,0.0,-0.08579929672707609,-0.09831855210883245,-0.09090909090909094,-0.06438631790744465
2014-11-01,0.0,-0.043079472158115806,-0.038987048822822556,0.013043478260869712,-0.09677419354838723
2014-12-01,0.33333333333333326,-0.10469358728588218,-0.10679386838327232,-0.05150214592274682,-0.2142857142857142
2015-01-01,-0.08333333333333326,-0.12418842381544415,-0.176128998807487,-0.14932126696832582,-0.16666666666666663
2015-02-01,0.0,-0.045268138801261903,0.09282567652611706,0.05319148936170226,0.19999999999999996
2015-03-01,0.0,-0.21377829175615393,0.03317016988194643,0.030303030303030276,0.21212121212121215
2015-04-01,0.09090909090909083,-0.10611472998529103,-0.021793656986790144,-0.0490196078431373,-0.15000000000000002
2015-05-01,0.0,0.5667606958157028,0.1534472934472937,0.13402061855670122,0.1470588235294117
2015-06-01,0.08333333333333348,0.2491372843210804,0.07177789853282612,0.07272727272727253,0.16666666666666674
2015-07-01,0.0,-0.08197705843492886,-0.015809365781710882,-0.016949152542372947,-0.098901098901099
2015-08-01,0.0769230769230771,-0.0891665576344367,-0.07277665901746821,-0.06465517241379304,-0.07317073170731703
2015-09-01,0.0,0.06363571069453422,-0.04974998737309966,0.0,-0.07894736842105265
2015-10-01,-0.14285714285714302,-0.1875211020325478,-0.018815775486339947,-0.04608294930875578,-0.1428571428571428
2015-11-01,0.0,-0.04155585106382986,0.07145178764897064,0.09178743961352653,0.0
2015-12-01,1.0,0.034772806104752085,-0.027554476970524266,-0.008849557522123686,-0.09999999999999987
2016-01-01,0.41666666666666674,-0.06737618369228193,-0.07283976291982941,-0.06696428571428592,-0.6481481481481481
2016-02-01,0.11764705882352944,-0.06577410369305414,-0.15706835641787698,-0.14832535885167453,-1.6842105263157894
2016-03-01,-0.052631578947368474,-0.10493411561027222,0.02674294837679625,0.061797752808988804,-0.23076923076923073
2016-04-01,0.0277777777777779,0.03309692671394804,0.016457172476350923,-0.042328042328042215,0.7
2016-05-01,0.0,0.009985437903057948,-0.02052524222335539,0.0,0.4117647058823528
2016-06-01,0.027027027027026973,-0.09062821833161683,-0.14714304308212933,-0.09392265193370175,0.9166666666666667
2016-07-01,0.026315789473684292,-0.29682899207248015,-0.269820679130103,-0.08536585365853655,-0.15217391304347827
2016-08-01,0.025641025641025772,-0.012240296344016799,-0.22447486675723693,0.040000000000000036,-0.641025641025641
2016-09-01,0.0,0.1969672264797,0.11076674302654643,0.04487179487179471,0.2142857142857142
2016-10-01,0.0,0.04931208282250377,0.30777629503821435,0.07975460122699385,-0.4117647058823529
2016-11-01,0.02499999999999991,0.5976892119953263,0.28181818181818175,0.21590909090909105,-1.4
2016-12-01,0.3170731707317074,0.04420248638985935,0.037487335359675855,0.16355140186915884,1.0
2017-01-01,0.20370370370370372,0.018519959536222874,-0.009277343750000111,-0.02409638554216864,1.125
2017-02-01,0.01538461538461533,0.09863243945297584,-0.08061677110469612,-0.004115226337448652,-0.4117647058823529
2017-03-01,0.19696969696969702,0.011404728789986107,-0.08561801194669938,0.024793388429751984,0.30000000000000004
2017-04-01,0.139240506329114,-0.13366336633663356,-0.0963986599664991,-0.07258064516129037,-0.7692307692307693
2017-05-01,0.011111111111111072,-0.06880952380952376,0.03577718046158118,0.0,1.666666666666667
2017-06-01,0.1428571428571428,-0.08744566607005888,-0.02944071588366881,-0.047826086956521685,0.875
2017-07-01,0.10576923076923062,0.12711310357709915,0.17213719343536793,0.05936073059360725,0.0
2017-08-01,0.008695652173912993,-0.13481935697712966,-0.1157869896955872,-0.047413793103448176,-0.8666666666666667
2017-09-01,-0.008620689655172376,0.06780959678191745,0.10630726803665147,-0.004524886877827927,5.0
2017-10-01,0.0,0.030496008610637837,0.11096815696365381,0.07272727272727253,0.08333333333333348
2017-11-01,0.008695652173912993,-0.17599442945426058,-0.03742038216560495,-0.004237288135593098,-0.46153846153846145
2017-12-01,0.12068965517241392,-0.07193408682792857,-0.03895029701481323,0.02127659574468077,0.2857142857142856
2018-01-01,0.08461538461538454,0.17470976553608009,0.08997731006963461,0.07500000000000018,0.7777777777777779
2018-02-01,0.007092198581560183,0.23001647127216351,0.15095829445122377,0.10852713178294571,-0.4375
2018-03-01,0.06338028169014098,-0.07932256794013393,-0.05949856554820998,-0.006993006993006978,0.0
2018-04-01,0.11920529801324498,-0.03653319644079389,0.001856763925729421,0.010563380281690238,0.11111111111111116
2018-05-01,0.00591715976331364,0.09617263120504371,-0.006089489012443661,0.03832752613240409,-0.4
2018-06-01,0.07058823529411762,0.04382696046662349,-0.05241076185402238,-0.02348993288590595,0.0
2018-07-01,0.049450549450549275,-0.06977105161039954,-0.03443671375360191,-0.0068728522336769515,1.0
2018-08-01,0.0,0.13924578675120958,0.018341946284300192,0.0,0.8333333333333335
2018-09-01,0.020942408376963373,-0.033394361039912,0.07376170395254089,0.03806228373702414,0.13636363636363646
2018-10-01,0.12307692307692308,0.17842260777331598,0.029221859814950513,0.050000000000000044,0.040000000000000036
2018-11-01,0.004566210045662267,-0.09611675453259605,-0.05956538610787743,-0.00952380952380949,-0.34615384615384615
2018-12-01,0.031818181818181746,-0.1378476420798065,-0.09737982257066224,-0.09294871794871795,-1.1176470588235294
2019-01-01,0.05726872246696035,-0.008167642933751385,0.007314285714285829,-0.042402826855123754,-1.0
2019-02-01,0.0,-0.06845782731658634,-0.0628545495802133,-0.011070110701106972,-inf
2019-03-01,0.004166666666666874,-0.11527814983480655,-0.039548022598870136,-0.04104477611940305,5.333333333333334
2019-04-01,0.004149377593360981,-0.04016955995155436,0.0005042016806724448,-0.015564202334630406,-0.5263157894736843
2019-05-01,-0.012396694214875992,-0.08401682439537328,-0.050898706534520555,-0.05138339920948609,1.1111111111111112
2019-06-01,-0.004184100418410108,-0.3409482263804384,-0.1867256637168141,-0.13750000000000007,0.736842105263158
2019-07-01,0.008403361344537785,-0.37833130116704417,-0.0964091403699674,-0.004830917874396046,-0.030303030303030276
2019-08-01,-0.11250000000000004,-0.7217708041468198,-0.3044315992292871,-0.20873786407766992,0.7500000000000002
2019-09-01,-0.04225352112676051,-0.5186304128902316,0.0354916897506925,0.042944785276073594,-0.2321428571428572
2019-10-01,-0.1029411764705882,1.771966527196653,0.06554087945159681,0.00588235294117645,-0.3023255813953488
2019-11-01,-0.15300546448087438,1.2762264150943392,0.20037658873372055,0.0584795321637428,-0.4666666666666667
2019-12-01,0.0,0.21419098143236082,0.08601307189542484,0.027624309392265234,-0.6875
2020-01-01,0.0,-0.13653741125068275,-0.12915262397688965,-0.05376344086021512,1.6
2020-02-01,0.019354838709677358,-0.5781151170145478,-0.12508638562543195,-0.1477272727272727,1.3846153846153846
2020-03-01,-0.5886075949367089,1.7601199400299854,-0.2718799368088468,-0.42000000000000004,-1.032258064516129
2020-04-01,-0.9230769230769231,0.5043454644215097,-0.22390974180950307,-0.2413793103448275,-9.0
2020-05-01,0.0,-0.1361256544502617,-0.23315627620911383,0.015151515151515138,-1.0
2020-06-01,0.5999999999999999,-0.26687565308254957,0.013488880787459134,0.08955223880596996,inf
2020-07-01,0.125,-0.370866590649943,-0.24676258992805766,-0.15068493150684925,-0.6666666666666666
2020-08-01,0.11111111111111116,-0.27276846397825105,0.29751671442215843,0.048387096774193505,3.5
2020-09-01,-0.10000000000000009,-0.23364485981308414,0.004784688995215447,0.04615384615384621,-0.6666666666666667
2020-10-01,0.0,-0.9959349593495935,0.12014652014652016,0.1617647058823528,1.666666666666667
2020-11-01,0.0,-111.60000000000001,0.25441465009810327,0.10126582278481,-0.25
2020-12-01,0.0,0.6546112115732368,-0.15954118873826895,0.06896551724137945,-0.33333333333333326
2021-01-01,0.0,-0.30491803278688523,0.1389578163771712,0.16129032258064524,1.75
2021-02-01,-0.11111111111111105,-2.0125786163522013,0.6944444444444442,0.16666666666666652,1.727272727272727
2021-03-01,-0.12499999999999989,1.2950310559006208,0.3590485374477661,0.2777777777777779,-0.19999999999999996
2021-04-01,0.0,0.3870094722598105,0.006977294228949882,0.01863354037267073,-0.25
2021-05-01,-0.14285714285714302,0.8385365853658537,0.06376981796829129,-0.012195121951219412,-0.11111111111111105
2021-06-01,0.3333333333333335,-0.1939506500397984,-0.05619342018105544,-0.06172839506172845,-0.375
2021-07-01,0.25,-0.46017116524028967,-0.1836472102000234,-0.13157894736842102,-0.7
2021-08-01,-0.10000000000000009,-0.6353658536585366,-0.07723169508525574,-0.030303030303030276,0.3333333333333335
2021-09-01,-0.11111111111111105,2.2892976588628766,0.24580745341614896,0.0703125,2.25
2021-10-01,0.0,0.7910523640061005,0.3498691262619966,0.15328467153284664,0.46153846153846145
2021-11-01,0.0,-0.11325574794209481,-0.13259464450600178,-0.012658227848101222,-0.4736842105263158
2021-12-01,0.0,-0.1065941101152369,-0.1084734937193953,-0.05769230769230771,0.40000000000000013
2022-01-01,0.0,0.9129344321031889,0.43892537313432833,0.19727891156462585,1.4285714285714284
2022-02-01,0.0,0.7684959730286569,0.23566509003402203,0.09659090909090895,0.0588235294117645
2022-03-01,1.5,0.11745392925227693,0.03800953596131884,0.10362694300518127,0.16666666666666674
